partner_id,bad,user_id,log,enum_id,rating,details,useful,good,rowid,ts
4147,ORANEZOS_TP,52088,2012-04-02 09:54,3,"KORNYEZET: 5, KULSO: 3, HOZZAALLAS: 1, TECHNIKA: 1, OSSZKEP: 2","LAKAS: Szép berendezett lakás,-garzon.

KULSO: A képek sokkal szebbek mint a valóság!

HOZZAALLAS: Kénytelen-kelletlen,ha már itt van valamit muszáj!

EGYUTTLET: Miben ügyes?semmiben,elutasító!

ELEGEDETTSEG_ES_AJANLAS: Nem ajánlom,rossz volt,kár volt az időért is!",1,,11729,2026-02-26 01:22:14
4392,TELEFONBAN_MAST_MONDOTT,105163,2013-01-10 22:40,3,"KORNYEZET: 1, KULSO: 1, HOZZAALLAS: 1, TECHNIKA: 1, OSSZKEP: 1",KAPCSOLATFELVETEL: Nagyon elszomorított amikor az első telefon hívásom után már nem vetted fel többször a telefont amit nem értek pedig már vártam a találkozást amit megbeszéltünk tegnap * időre .(,1,,15317,2026-02-26 01:22:14
14006,LEPUKKANT_LAKAS,11020,2013-02-04 10:27,3,"KORNYEZET: 3, KULSO: 4, HOZZAALLAS: 5, TECHNIKA: 5, OSSZKEP: 3","KAPCSOLATFELVETEL: nagyon könnyen

LAKAS: ezt már többször leírtam, véleményem szerint a szolgáltatóknak nem lenne szabad ilyen szintű olcsóságra hajtani, már megint egy tipikus házmesterlakás a nyóckerben. ha bejutsz, akkor már kb. rendben van, de a kaputól a bejáratig vezető nem kevés lépés azért nem kicsit vágyölő.

KULSO: pont olyan mint a képeken, szép-izgalmas a tetkó, a mell környékét viszont talán nem vetkőztetném le

HOZZAALLAS: egyáltalán nem kezdeményező, viszont száz százalékban hagyja magát irányítani. tulajdonképpen azt teszel vele amit akarsz

EGYUTTLET: kíváló ritmusérzéke van a hölgynek :-)

ELEGEDETTSEG_ES_AJANLAS: ebben a körbyezetben nem tudom jó szívvel ajánlani, de egyébként abszolút, már azoknak akik - mint jómagam - a tapasztaltabb, nem nyafogós érettebb hölgyeket kedvelik. elnézést, de nekem a környezet miatt csak három pontos, amúgy a hölgy magasabb kategória.",7,"NAGYON_KEDVES, JO_PARKOLAS",15655,2026-02-26 01:22:14
10479,MEGTEVESZTO_KEPEK,82149,2013-03-18 19:06,0,"KORNYEZET: 3, KULSO: 4, HOZZAALLAS: 5, TECHNIKA: 5, OSSZKEP: 4","KAPCSOLATFELVETEL: Itt az oldalon találtam rá. Írásban tájékoztatott a lehetőségekről, majd szombaton hívtam és délre meg is beszéltük a randit. Dél után 3 perccel értem oda, de még kért pár percet, utána mehettem be.

LAKAS: Az Árpád-hídtól 5 perc autóval, a Honvéd kórház mögötti lakótelep. Sok 10 emeletes ház közül az egyik. Parkolni ingyen lehet a ház előtt és mögött, hely is akad. Busz jár arrafelé, de ide jobb a kocsi. Nem a legpatinásabb ház, mint a lépcsőház sem belülről. A lakás viszont barátságos, főleg, hogy Lorena itt is lakik. A baszoba egyben a nappali is, tehát hely van. Az ágy egy kinyitható kanapé, de teljesen megfelelt. A fürdő panelméret, tehát szűkös. De a célnak megfelel.

KULSO: Lorena fekete melltartóban és bugyiban fogadott. Már írták mások is, nekem is idősebbnek tűnt a kiírtnál. De lehet, hogy tévedek. Alakra csinos, de azért ügyes volt a fotós. A cicik nekem bejöttek, szép nagyok és természetesek. Egyébként kedves, közvetlen lány, rögtön itallal kínált, és megmutatta a fürdőt.

HOZZAALLAS: A hozzáállásával nincs gond. Benne volt mindenben, kezdeményező, élvezte ő is az együttlétet. A lovaglása is tetszett.

EGYUTTLET: Idő és szolgáltatás megbeszélése után én el tusolni, majd ő is kiszalad 2 percre. Visszatérése után mellém fekszik és simogatni kezdjük egymást. Majd ledobja melltartóját és kezelésbe (és szájba) veszem cickóit. Lefelé haladva combjait puszilgatom majd megszabadítom bugyijától is. Vénuszdombja és ajkai, csiklója nyalogatását élvezi, először azt hittem túlságosan is, de szerintem tényleg jól esett neki. Majd ő akart foglalkozni velem. Mellém telepedett és finoman franciázott. Közben úgy helyezkedett, hogy én is tudjam őt simogatni. Éltem is a lehetőséggel, de ő is foglalkozott magával. Majd gumit kértem és hogy üljön bele. Örömmel tett eleget kérésemnek, lassú lovaglást kértem, nehogy túl korán végem legyen. Ezt egy darabig bírta, majd láttam, hogy jó neki, meg nekem is az lesz, kértem hogy gyorsítson. Egyszerre lett végünk. Hatalmasat élveztem a köpenybe. Majd leszedte, letörölgetett és mellém feküdt. Így beszélgettünk még picit majd tus és búcsú.

ELEGEDETTSEG_ES_AJANLAS: Az ajándékot előre kérte, szerintem átlag. Fél órát voltam NF extrával. Gyakorlatban 3/4 óra volt kaputól kapuig. TP-t nem tapasztaltam. A képek alapján picit jobbat vártam, szerintem idősebb pár évvel a kiírtnál, de kedvessége, hozzáállása feledtette velem ezt.",1,"ISTENI_FRANCIA, NAGYON_KEDVES",16182,2026-02-26 01:22:14
4987,KEDVETLEN_HOZZAALLAS,73631,2013-05-19 16:22,0,"KORNYEZET: 5, KULSO: 5, HOZZAALLAS: 4, TECHNIKA: 3, OSSZKEP: 5","KAPCSOLATFELVETEL: A kapcsolat felvétel nem volt könnyű de megérte próbálkozni .

LAKAS: A lakás tiszta és rendezett ami nem könnyű 2 kutya után.

KULSO: A képek vissza adják a külső megjelenést szóval nem zsákba macskát kap az ember.

HOZZAALLAS: Nagyon kezdeményező szinte letépte rólam a ruhát.

EGYUTTLET: Nekem annyira nem jön be a franciája egy kicsit erőszakosan csinálja de ha valaki ezt szereti annak nem lesz problémája vele. Ha felül van akkor nagyon jól tud lóvagólni . De amikor én voltam fölül akkor is aktív .

ELEGEDETTSEG_ES_AJANLAS: Összességben elmegy na jó tényleg érdemes elmenni hozzá.",0,"SZEP_ARCU, BARATNO_FEELING, NAGYON_KEDVES, MAXIMALIS_DISZKRECIO",17027,2026-02-26 01:22:14
8810,MEGTEVESZTO_KEPEK,64654,2013-05-21 15:28,0,"KORNYEZET: 3, KULSO: 3, HOZZAALLAS: 4, TECHNIKA: 5, OSSZKEP: 3","KAPCSOLATFELVETEL: Telefonon, sokadik próbálkozásra. Viszont amikor elértem nagyon kedves volt és alkalmazkodó.

LAKAS: A lakás a célnak megfelelő, kényelmes. A fürdő is jó. Parkolást nem tudom mert gyalog mentem.

KULSO: Szép, bár kicsit idősebbnek tűnik mint a képeken, valamint alacsonyabb volt mint számítottam. Természetesen a cicije volt a kedvencem. :)

HOZZAALLAS: Nagyon kedves volt, akár kezdeményezhetőnek is nevezhető, félórát fizettem kb annyit is voltam vele, beszélgettünk is picit, értelmes csajszi.

EGYUTTLET: Szájjal nagyon jó talán itt érződik legjobban a pornós múlt. Leginkább francia volt csak egy kicsit döngettem.

ELEGEDETTSEG_ES_AJANLAS: Összességében jó volt, bárkinek szívesen ajánlom!",1,"SZEP_ARCU, ISTENI_FRANCIA, NAGYON_KEDVES, MAXIMALIS_DISZKRECIO",17053,2026-02-26 01:22:14
14290,"KEDVETLEN_HOZZAALLAS, TELEFONBAN_MAST_MONDOTT",77787,2013-06-08 05:43,2,"KORNYEZET: 1, KULSO: 1, HOZZAALLAS: 1, TECHNIKA: 1, OSSZKEP: 1","KAPCSOLATFELVETEL: Telefonon egyeztettünk és mindent rendbe lefixáltunk hogy fél óra múlva felhívom a kapuból. Ehhez képest mikor odaértem közölte hogy várjak 10 percet mert kavarodáás van, majd a 10 perc leteltével közölte hogy nem fogad mert nem ér rá, inkább elmegy egy escortra. jó nagy szemét az ilyen mert péntek éjszaka 30 perc volt mire kaptam taxit visszafelé. ja és még ajánlott egy másik helyet is hogy szerinte hova menjek inkább a négy barátnöjhez (ez már majdnemhogy rendes volt tőle )",25,,17294,2026-02-26 01:22:14
6536,MEGTEVESZTO_KEPEK,42086,2013-06-10 09:36,0,"KORNYEZET: 4, KULSO: 4, HOZZAALLAS: 4, TECHNIKA: 4, OSSZKEP: 4","KAPCSOLATFELVETEL: Pár hete voltam Jázminnál, valami masszázs oldalon találtam rá, most látom, hogy itt is jelen van. A spéci bútorról ismertem fel.

LAKAS: Egyszobás lakás egy szép zuglói lakóparkban. A lakás rendben van, a lakóparki bejutás kicsit körülményes: Jázminnal a portánál kell talizni, közben a ház előtt lófrálni és állni a biztonsági őr tekintetét, meg kerülgetni a ki-be mászkáló lakókat. Nem ezt nevezem maximális diszkréciónak:) Parkolni szemben a susnyásban sikerült.

KULSO: A képek retusáltak és jóindulatúan vannak összeválogatva. A hölgy a kiírt kornál minimum 5 évvel idősebb. A kiírtakkal ellentétben a mellei sem eredetiek, jól láthatóak a műtét nyomai.

HOZZAALLAS: Egy óra ESZO+szexre mentem. A teljes egyórás műsor egy begyakorolt koreográfia szerint zajlott, olyan érzésem volt, mint mikor a repülőgépen az utaskísérő leadja a biztonsági bemutatót: ezredszer csinálja, de mindketten tudjuk, hogy ezt pont így kell csinálni, és ezeregyedszerre is így fogja csinálni.

EGYUTTLET: Először egy kötelező közös zuhany során meggyőződött arról, hogy a pöcsömet meg a seggemet rendesen megmostam-e. Majd következett az ESZO masszázs, ami szerintem nem az volt. Kértem a szex és NFVSZ opciókat is, de ezekben se sikerült egymásra hangolódnunk, bár derekasan próbálkoztunk mindketten.

ELEGEDETTSEG_ES_AJANLAS: Korrekt hozzáállás, kulturált szolgáltatás, de nem vágyom vissza.",0,NAGYON_KEDVES,17325,2026-02-26 01:22:14
2669,MEGTEVESZTO_KEPEK,85485,2013-06-17 15:31,0,"KORNYEZET: 5, KULSO: 4, HOZZAALLAS: 5, TECHNIKA: 5, OSSZKEP: 4","KAPCSOLATFELVETEL: Elsőre felvette a telefont, nagyon kedves a hangja.

LAKAS: Szép lakás, célnak tökéletesen megfelel.

KULSO: Koának megfelelő a külseje kár, hogy a fent lévő képek retusáltak.

HOZZAALLAS: Kedves, kezdeményező.

EGYUTTLET: 1 órát voltam nála a szűk puncijával kétszer nagyon hamar kicsavart :)",0,"NAGYON_KEDVES, JO_PARKOLAS",17428,2026-02-26 01:22:14
13111,MAS_FOGADOTT,81635,2013-08-23 00:08,3,"KORNYEZET: 3, KULSO: 4, HOZZAALLAS: 2, TECHNIKA: 2, OSSZKEP: 3","KAPCSOLATFELVETEL: Azonnal sikerült beszélnem vele, és szinte azonnal fogadott is, gyakorlatilag 10 percre voltam a helyszíntől. Mikor a helyszínen voltam már és parkolót kerestem, felhívott egy másik telefonszámról, hogy hol vagyok, mert nem lát a ház előtt... (?)

LAKAS: Mivel késő este voltam, a zsákutcában, de még a környékén se találtam parkolót, mert a lakók elfoglalták a létező összes helyet, így egy kis sétával járt a tetthely felkeresése. Semmi Tibeti hangulat nem érezhető a normál panellakás belső kialakításán, csak annyi, hogy piros fényben úszik a szoba, látni annyit látsz, mint egy grillsütőben a kvarclámpánál, egyszerű, de még is megfelelő. Az ágy kifogástalan max. ennyi... Otthonról a közelből frissen zuhizva loholtam némi szenvedélyért, így a fürdőt nem volt alkalmam megszemlélni. Már ajtó nyitáskor több ember beszélgetése volt kiszűrődő a lakás többi részéből és futkosás, hogy gyere, pill, várj, most a kolléganő megy a fürdőbe, stb..., valakit ez nem zavar, de annyi szent, hogy egy ilyen helyen el ne hidd magadnak, hogy te itt most valakinek is fontos leszel arra a fél órára, netán te leszel majd fókuszban... Van, hogy ettől függetlenül jól sülhet el persze a dolog, de az esélyek erre jelentősen lecsökkennek.

KULSO: Hittem a beszámolóknak, bár régóta nézegettem a csajt, valami eddig még is vissza tartott. Gondoltam itt az ideje a sürgős tűzoltásra. Persze amikor elhiszed magadnak, hogy te már rutinos vagy és nem verhetnek át, akkor úgy is akad olyan társaság, akik bevonzanak több lánnyal ugyanarra a telefonszámra minél több vendéget és könnyen fennakadhatsz a horgon... Nem a hirdetésben szereplő lány nyitott ajtót, de ebben az első pillanatban még nem voltam biztos, mivel a hirdető arca nem látszódik. Viszont a szép természetes cickók vonzották a tekintetem (utólag jöttem á, de hisz szilikon cicit hirdetnek), az arca amolyan átlagosan helyes, de nem több, kicsit husis a teste, de ""jól pakolható"". Mikor az egyeztettünk, feltűnt, hogy plusszként nevezi meg a nf-át, holott a hirdetésben nem így szerepel és nem hangzott el a popó, ekkor rákérdeztem, hogy biztos te vagy az ""Andi""? Határozott igent kaptam, de hát mit is várnál ilyenkor? Szóvá tettem a Rosszlányok hirdetést, persze nem Ő írja stb. és ennyi..., fogadd el halandó, vagy menet van. Én maradtam, mert már a krumplit is effektusom volt...

HOZZAALLAS: A ""drágám"" szó folyamatos volt, ezzel még nálam nem lehet behozni a nyilvánvaló átverést, de ezt alapból és igen nagy rutinnal nyomta a leányzó, mint minden mást. Rögtön végig hallgattam a házirendet, hogy ""ne legyek durva"", meg ""kemény"", ""csak finoman"", meg ""ha elélvezek azonnal vegyem ki"" és ""csak óvatosan, mert Ő szűk és fáj neki"". Óhatatlanul is az az érzésed, hogy ez nem az a csaj aki büszkén hirdeti (tán nem is hirdet sehol) a minőségi max. napi 2 pasi fogadását és ennek a megértését és előnyeit. A kérdésem már jött is, miért, tán sokan voltak a mai nap? :) Itt ledöngetnek egy fociklubbot az összes rajongóval egy nap alatt az tuti... A ""csak rám figyelt és barátnő feeleng""-et most nem dobnám oda, sorry.

EGYUTTLET: Gyorsan gumit húzott és gépiesen, rutinból franciázott, amit hamar abba is hagyattam vele és inkább szemből kezdtem élvezkedni, de az előzmények okán, alapból elvetettem a lovagias kényeztetést a részemről. A lényeg, hogy végül tíz perc alatt kivégeztem a vágyaimat, de ez amolyan patronos érzetű volt sajna. Mindvégig passzív volt és a mennyiségi és gyors ledöngetős hozzáállású, időnként ránéztem, de nem tudom merre járt gondolatban. Kaptam viszont egy frenetikus masszírozós beütésű, testápolós odakenős valamit, amit végül is nem tudok el venni tőle mint plusz pontot, de esküszöm, ha legalább ebben éreztem volna a jelentétét, ráadásul kb. 50 másodpercig tartott (bár jelezte előre, hogy sokáig nem tudja majd). Fél órára mentem, de összesen húsz percet raboltam az életből.

ELEGEDETTSEG_ES_AJANLAS: Anditól (a valós hirdetőtől és a valós pozitív beszámolók íróitól) elnézést kérek, de a teljes képhez ez is hozzá tartozik ezzel a hirdetéssel kapcsolatban. Nyilvánvalóan senki nem fogadja azt el indokként, hogy Andi ma nem elérhető és nem akarta kikapcsolni a telefont ezért más lányok felveszik a telefonját (és persze véletlenül, mindenkit Andinak hívnak). Ha már más hirdetését fogadja valaki, akkor legalább a vállalt dolgok azonosak legyenek és ne kérjen többet a nála már másként szereplő plusz dolgokért. Egyébként ebben a környezetben, a valós ""Andiban"" sem tudnék hinni, mert valahogy ez az egész nem fér bele egy tartalmilag minőségi hirdetői hozzáállásba... Nyilvánvalóan nem lesz ez egy ""elfogadott"" beszámoló a lány (lányok) részéről... :-)",7,,18314,2026-02-26 01:22:14
2281,MEGTEVESZTO_KEPEK,97498,2013-09-25 21:38,0,"KORNYEZET: 3, KULSO: 5, HOZZAALLAS: 5, TECHNIKA: 5, OSSZKEP: 4","KAPCSOLATFELVETEL: Miután ""befagyott"" a Balaton, Gabi visszatért Fehérvárra.Ezt a pillanatot vártam és megérte a dolog. Előzetes telefon egyeztetés után megtaláltuk a mindkettőnk számára megfelelő időpontot a mai napon. Kedves közvetlen hang fogadott a telefonban, pontos tájékoztatás a dolgok menetéről, *** elveim szerint ilyenkor soha nem tárgyalok.Ezt mindig a numera végére hagyom, most is így történt. Szeretem a dolgok természetes menetét. Gabival ez simán ment.

LAKAS: Családi ház,még a bútorok közül csak az ágy volt ott, a legfontosabb, de az jól szuperált a projekt alatt.Kb. 2 hét kell a berendezéshez és a vérebekkel is jó kapcsolatot alakítottam ki. Fürdő OK!Még a tusolóból kilépő szőnyeg is csont száraz volt, amire nagyon háklis vagyok. Összkép jóóóó!

KULSO: A fotók magukért beszélnek, élőben kicsit teltebb, de minden testrésze nagyon rendben van. Szép haj,ápolt arc, bársonyos bőr, fincsi punci, formás popó. Kell ennél több?? Hát nem!

HOZZAALLAS: Egy óra alatt próbáltuk kiismerni egymást, ami szerintem sikerült is.Nagyon kedves, közvetlen, barátságos és profi volt.Minden pillanatban tudta,hogy mire van szükségem. Semmi óranézés, csak én a középpontban, ez nagyon farnkó volt.

EGYUTTLET: Óvszeres francia után NF-ra vátotunk, amit mindketten nagyon élveztünk. Aztán lovacska, majd 69-s póz.Ezután a protokol szerinti prosztata izgatás, több dildóval sikosítóval dugta meg a popómat, miközben a farkamat szopta frenetikusan. Ebben a pózban sültem el, mint egy légvédelmi ágyú, ami az ágynemün is nyomot hagyott. Szuper volt.

ELEGEDETTSEG_ES_AJANLAS: Hát ezek alapján csak ajánlani tudom Gabit aki egy igazi Istennő. Egyszerűen meg kell zabálni, de szó szerint minden apró testrészét is. Rövidesen találkozunk. Csók:Doxy1",1,"SZEP_ARCU, BARATNO_FEELING, NAGYON_KEDVES, MAXIMALIS_DISZKRECIO, JO_PARKOLAS",18788,2026-02-26 01:22:14
2355,"ORANEZOS_TP, MEGTEVESZTO_KEPEK",125333,2013-11-05 13:20,3,"KORNYEZET: 4, KULSO: 3, HOZZAALLAS: 4, TECHNIKA: 3, OSSZKEP: 3","KAPCSOLATFELVETEL: Telefonon,visszacsörgetett.Korrekt volt a telefonban,kedves hangja van.Könnyű,gyors egyeztetés volt,3-4 órával később már ott is voltam nála.

LAKAS: Parkolás rendben van,semmi extra.Lakás célnak megfelel,szoba kimondottam a himi-huminak van szentelve... :) Diszkófény a földön,kellemes zene szólt,szék kisasztal,pornóújságok.Szóval ebbe belekötni nem lehet.Fürdő rendben,tiszta,van tusfürdő szépen. :)

KULSO: Megmondom őszintén nekem csalódás volt,de nagyon.Azt képen is látni,hogy retusáltak,de hogy ennyire azért azt nem hittem volna.Ápolt hölgy meg minden,de nem erre a külsőre számít a vendég a képek alapján...nagy poci,narancsbőr.Bocsánat az őszinteségért,de elég kiábrándító volt a látvány,amivel Ő is tisztában van,hiszen olyan ruhákat próbál viselni,amelyek takarják ezen szépséghibáit.Nem gond,de akkor legalább ezeket a képeken is láthatóvá kellene tenni,mert ez így kicsit csalóka...arca szép! :)

HOZZAALLAS: Nagyon kedves,mosolygós,vidám hölgy.Kicsit nehezen oldja a gátlásokat és a feszültséget.Ásványvízzel kínált,hozzáállásához,kedvességéhez nem tudok semmi negatív kommentárt adni,mert ebből a szempontból tényleg nagyon adja.Ugyanakkor a mások által kislányos kacajként megemlített nevetés az számomra inkább idegesítő röhögcsélésnek tűnik...mindegy.Valakinek biztos bejön. :)

EGYUTTLET: Masszázzsal kezdte,aztán mikor már álltam szépen ráment a kukipuszira... :) Jól csinálja,de semmi extra.Utána gyorsan beraktam misszionárius pózba,mert megmondom őszintén gyorsan túl akartam lenni rajta.

ELEGEDETTSEG_ES_AJANLAS: Nekem nagyon nem jött be,főleg külsőre.Összességében kedves,de egy ilyen hirdetőtől mást várna az ember,ha már ajándékot ad...ja és ami fontos 5 perccel az idő lejárta előtt jelezte hogy nemsokára vége az időnek szóval ajándékot adok újra vagy mi lesz...köszönöm,de nem akartam tovább maradni...sőt annyira keserű szájízzel távoztam,hogy idegemben elmentem egy másik hölgyhöz ezután... :)Na ott nagyon jól éreztem magam! ;)",9,"NAGYON_KEDVES, JO_PARKOLAS",19312,2026-02-26 01:22:14
18069,LEPUKKANT_LAKAS,82149,2013-11-22 13:57,3,"KORNYEZET: 2, KULSO: 4, HOZZAALLAS: 5, TECHNIKA: 4, OSSZKEP: 4","KAPCSOLATFELVETEL: Pont egy hete hívtam Corinát. Elsőre elértem, akár negyed óra múlva is tudott volna fogadni, nekem végül több mint fél óra volt, hogy odaérjek. A ház elől hívtam újra, elnavigált az ajtajáig. A telefonban kedves, segítőkész volt.

LAKAS: Kőbánya központi részén van a hely. Buszvégállomás a közelben, de jár arra villamos (épp felújítják) sőt vonat is. Autóval a ház előtt lehet parkolni ingyenesen. A házszámozásra viszont figyelni kell, a GPS picit odébb vezetett. A ház egy jobb napokat is megélt panelszerűség, a lakás szintén. Corina szerintem jobb helyet érdemelne. A szoba picit keskeny, az ágy éppen ezért keresztbe teljesen át is érte. A fürdő elmegy, tusfürdő van sokféle.

KULSO: Szexi szerelésben nyitott ajtót, a képek alapján nem éri csalódás az embert. Arcra picit másmilyenre számítottam, de helyes, kedves lány. Alakra pedig nekem bejött, formás, sportos alakja van szép nagy természetes cicikkel. Végig aranyos, közvetlen nem megjátszós volt.

HOZZAALLAS: Pesti átlag ajándék, fél órát voltam, extrát nem kértem. Előre rendeztük. Abszolút kezdeményező volt.

EGYUTTLET: Ő már letusolva várt, így csak nekem kellett ezzel foglalkoznom. Visszatérvén rendeztük az ajándékozást, ekkor már csak a bugyi volt rajta. Majd melléfekve, felfedeztem szép barna bőrét. Apró sóhajok jelezték, hogy tetszik neki. Majd Ő kezdett finom franciázásba. Szép lassan, finoman, de pont jó erősséggel csinálta. Majd jeleztem, hogy most én jövök. Lefelé haladva a bugyi is lekerült róla. Finom illatos kelyhek fogadtak. Nyelvmunkám eredményeképp el sajnos nem ment, de jól érezte magát. Majd gumit javasolt és szemből kezdtük. Szép lassan majd gyorsabban szeretkeztünk. De hátulról is akartam Őt, ezért fordultunk. Nem bírtam sokáig, el is durrantam a gumiba. Hagyott lenyugodni, majd leszedte a köpenyt és letörölgetett. Újabb tus, utána felajánlott egy masszázst, de sajnos nem tudtam élni vele, mennem kellett. Sajnáltam, jó lett volna. Így öltözés, közben csevegtünk majd puszi és vissza a munkába.

ELEGEDETTSEG_ES_AJANLAS: Corina egy kedves, barátnős, természetes és mellé csinos, formás lány. Aki a barátnős szeretkezést keresi, nem hangos sikolyokkal hanem halk sóhajokkal kísérve, az menjen el hozzá.",3,"BARATNO_FEELING, NAGYON_KEDVES, MAXIMALIS_DISZKRECIO",19544,2026-02-26 01:22:14
896,"MEGTEVESZTO_KEPEK, REGI_KEPEK",97498,2013-12-10 20:00,0,"KORNYEZET: 5, KULSO: 5, HOZZAALLAS: 5, TECHNIKA: 5, OSSZKEP: 5","KAPCSOLATFELVETEL: Kétszer írtam Neki és mindig nagyon kedvesen és gyorsan válaszolt. Így aztán eljött az idő -a mai nap- hogy végre találkozzunk Nála. A koordinátákat telefonon egyeztettük, pontos voltam, mint mindig.

LAKAS: A kékli a Duna parton van,szép helyen, nagyon igényes,izlésesen berendezet szerintem nem bérlakás,de ezt nem tudom biztosan. Végre egy magas ágy ,ahol állva is lehet nyomulni. Tiszta fürdőszoba, száraz kilépő, így zokniban is lehet zuhanyozni, nem tocsogsz a vízben ha harmadiknak érkezel. A parkolás ha a Bem rakparton felül nem találsz helyet, akkor fizetős de nem probléma. Összefoglalva minden nagyon rendben volt.Enikő igazi nemzeti családmodellben él:1MILF+1cicus+1kutyus. Ebből sem GYED sem GYES nem lesz, a gyarapodásról nem is beszélve.Nagyon kulturáltak a családtagok.A kutyus lepacsizott velem,a cicustól kaptam egy nagy tusit.Mivel belátták,hogy ebben a pásztorórában én vagyok az alfa-HIM a háttérből figyelték az eseményeket. Sokat tanulhattak Tőlünk.

KULSO: Enikő=MILF ETALON!!!Hát barátaim, így kell kinézni egy igazi dögös Nőnek, ahogy a fotókon is van. Mindenből annyi van rajta, amennyi szükséges. Kedvenc testrészem a négy ajka meg a többi.Illatos ,selymes, mindene nagyon is imádni való. Ezt egyszerűen meg kell kostolni,nincs más megoldás.

HOZZAALLAS: Az eltöltött egy órában végigmentünk a menün.Először mindent bevasalt rajtam, amivel a telefonban megfenyegettem,de aztán megkaptam a magamét rendesen. Nagyon hálás természet,persze önző is egyben,de ettő annyira erotikus és imádni való.

EGYUTTLET: Felfedező körut után NF oda-vissza, nagyon érzékien és finomra hangolva.Aztán punci és popószex, baromi jó benne és igazán élvezi is a dolgot.Talán a szemből poziciót felejtettük el,de ezt legközelebb bepótoljuk. Ami a menüben szerepel az mind megvolt profi szinten.Csak a popóhoz kellett egy kis sikosító,máshol minden jött magától.

ELEGEDETTSEG_ES_AJANLAS: Nem ajánlom azoknak, akik allergiássak a macskaszőrre és a kutyaszőrre. Ajánlom azoknak, akik allergiássak a punciszőrre,mert abból olyan kevés van rajta,hogy nem lesz tőle semmi bajotok még akkor sem ha az orrotokat tövig benyomjátok ahova kell.Egy Isteni MILF, akit csak imádni lehet a kedvességéért, közvetlenségért és azért a gyönyörért amit nyújtott nekem. Mindent köszönök Neked drága:Csók doxy",3,"SZEP_ARCU, BARATNO_FEELING, ISTENI_FRANCIA, NAGYON_KEDVES, MAXIMALIS_DISZKRECIO, JO_PARKOLAS",19782,2026-02-26 01:22:14
13111,"KEDVETLEN_HOZZAALLAS, TELEFONBAN_MAST_MONDOTT, ORANEZOS_TP, LEPUKKANT_LAKAS, MAS_FOGADOTT",117594,2014-01-08 21:20,3,"KORNYEZET: 2, KULSO: 2, HOZZAALLAS: 2, TECHNIKA: 2, OSSZKEP: 2","KAPCSOLATFELVETEL: Könnyen ment!

LAKAS: Lepukkant panel. A fürdőszoba hagy némi kivetnivalót.

KULSO: Igazából nem a képen szereplő lány nyit ajtót soha! 4 szer voltam fent mert itt igazából csak a ""lakás"" ami fix de a lány mindig más volt.

ELEGEDETTSEG_ES_AJANLAS: Azért kapott 2 csillagot mindenre mert a 4 alkalomból 3 szor 1 csillagot adtam volna mindenre ami a lányra vonatkozik viszont egyszer kellemes meglepetés fogadott... ajánlani csak annak aki szereti a zsákbamacskát...",0,,20231,2026-02-26 01:22:14
13111,"KEDVETLEN_HOZZAALLAS, ORANEZOS_TP, LEPUKKANT_LAKAS, REGI_KEPEK, MAS_FOGADOTT",139624,2014-01-11 23:03,3,"KORNYEZET: 1, KULSO: 1, HOZZAALLAS: 1, TECHNIKA: 1, OSSZKEP: 1","KAPCSOLATFELVETEL: egyszerű volt az egyeztetés de már a telefonba is ketten beszéltek. pontosabban valaki a háttérben tolmácsolta a válaszokat.

LAKAS: semmi extra éppen elmegy ha a többi jo lenne...

KULSO: más fogadott. ebben a lakásban már voltam 3x talán mindig más lánynál de mostmár tényleg rohadjak meg ha mégegyszer megyek.

HOZZAALLAS: nulla

EGYUTTLET: nem élvezhető...

ELEGEDETTSEG_ES_AJANLAS: ne tedd",0,,20287,2026-02-26 01:22:14
37085,NEM_DISZKRET,78558,2014-06-15 14:48,0,"KORNYEZET: 3, KULSO: 4, HOZZAALLAS: 5, TECHNIKA: 5, OSSZKEP: 5","KAPCSOLATFELVETEL: Elérhetőséget jelzett, hamar felvette. Egy óra múlva tudott fogadni.

LAKAS: Angyalföld könnyen parkolható és kulturált része. A lakás kicsit lepukkant, de engem nem zavart. Bár a bejárati ajtó lehetne rendesen csukható. :) Fürdőben nem az általam használt tusfürdők, de többféle van. Szájvizet pont nem találtam, de az lehet az én bénaságom is.

KULSO: Kedves arcú, törékeny. Iszonyatosan jó popsiban és általában hátulról. Pici melle van, de szép meredező bimbói. A jelzett kora alapján kevésbé feszes bőrre és testre számítottam.

HOZZAALLAS: Hiperaktív, szenvedélyesen nyalja falja ő is az embert (hát én is őt, őszintén). És végig nagyon természetes.

EGYUTTLET: Hason feküdt, úgy kezdtem csókolgatni, csókcsata után franciát sokáig nem élveztem, mert kispricceltem volna. Hátulról gyönyörű, de nagyon jó volt, mikor belém guggolt. Szűk volt, nem akartam visszatartani, jól esett elmenni.

ELEGEDETTSEG_ES_AJANLAS: Koránál fiatalosabb testben és szeretkezésben is. Természetes, közvetlen. Én heveskedő szexet kívántam vele, és nem csalódtam.",1,"BARATNO_FEELING, ISTENI_FRANCIA, NAGYON_KEDVES",22802,2026-02-26 01:22:14
896,REGI_KEPEK,71660,2014-06-29 18:43,2,"KORNYEZET: 5, KULSO: 3, HOZZAALLAS: 4, TECHNIKA: 4, OSSZKEP: 4","KAPCSOLATFELVETEL: épp rá ért, felvette.. tudtunk is időpontot találni.. a bejutás viszont kicsit macerás volt...

LAKAS: szépen megcsinált kecó... normális kád, függöny, tusfürdők, szájvíz... szoba nagy, kellemesen magas nagy ágy...

KULSO: hááát... az arca nekem nem jött be, érzésre idősebbnek is tűnt... alkat hasonló mint a fotókon, a cici viszont valóban gravitált (valahol valaki írta korábban, igaza volt), meg sem közelíti a fotón lévőt...

HOZZAALLAS: hozzáállása jó volt.. amiért mentem az meg volt...

ELEGEDETTSEG_ES_AJANLAS: én egy picit többet vártam... vagyis inkább másra számítottam... egynek jó volt, de nem hiszem hogy visszatérő leszek...",9,,23022,2026-02-26 01:22:14
13111,"TELEFONBAN_MAST_MONDOTT, MEGTEVESZTO_KEPEK",90233,2014-11-15 19:18,3,"KORNYEZET: 3, KULSO: 2, HOZZAALLAS: 3, TECHNIKA: 1, OSSZKEP: 2","KAPCSOLATFELVETEL: Könnyen gyorsan.

LAKAS: Célnak megfelel

KULSO: Teltebbnek tűnik, képek erősen retusálva vannak.

HOZZAALLAS: Ahogy odaértem közölte hogy amiket telefonba mondott azok nem lehetnek...... Amúgy Normálisan állt a dolgokhoz ezt leszámítva

EGYUTTLET: Csalódás volt mivel telefonban sok extra elhangzott és ehez képest csak egy normál szex volt....

ELEGEDETTSEG_ES_AJANLAS: Egynek elment...",0,"MAXIMALIS_DISZKRECIO, JO_PARKOLAS",25129,2026-02-26 01:22:14
17996,"NEM_DISZKRET, TELEFONBAN_MAST_MONDOTT, ORANEZOS_TP",168503,2014-12-27 18:31,3,"KORNYEZET: 3, KULSO: 4, HOZZAALLAS: 1, TECHNIKA: 1, OSSZKEP: 1","KAPCSOLATFELVETEL: Telefonon, egyszerű volt.

LAKAS: Éppen elmegy, de nem lakberendezni mentem. :D

KULSO: Pont, mint a képeken, Popsija jó élőben is, többi látszik a képeken is.

HOZZAALLAS: Az eleje simán indult, de aztán... Éppen ezért is írom meg, nehogy más is rábasszon. Soha az életben nem cseszett így át csaj, nem részletezem...

EGYUTTLET: Eleje ok, utána pedig szót sem érdemel.

ELEGEDETTSEG_ES_AJANLAS: Magam részéről felejtős, nem ajánlom senkinek! Ha csak nem szereted amikor átcsesznek és hoppon maradsz.... Az életben többet a közelébe sem megyek, ha jót akarsz magadnak, inkább keresel más csajt.",2,,25797,2026-02-26 01:22:14
18573,KEDVETLEN_HOZZAALLAS,7682,2015-01-01 19:28,3,"KORNYEZET: 4, KULSO: 5, HOZZAALLAS: 3, TECHNIKA: 3, OSSZKEP: 3","KAPCSOLATFELVETEL: telefonos kapcsolatfelvétel.

LAKAS: tiszta, célnak megfelelő.

KULSO: Szép arc, kellemes látvány.Szép mellek.

HOZZAALLAS: Eléggé rideg volt, nem találtuk meg az összhangot.

EGYUTTLET: Nem sok minden történt, NF,KF,Misz,Doggi. Kissé kedvetlen volt. Lehet a méretem volt probléma.

ELEGEDETTSEG_ES_AJANLAS: Kinek mi jön be. Én nem zavarom többet. De biztos lesz, aki nagyon jól érzi majd magát nála, hiszen szép formás fiatal nő.",1,"SZEP_ARCU, NAGYON_KEDVES",25888,2026-02-26 01:22:14
7579,TELEFONBAN_MAST_MONDOTT,72528,2015-03-19 21:46,0,"KORNYEZET: 5, KULSO: 5, HOZZAALLAS: 4, TECHNIKA: 4, OSSZKEP: 4","KAPCSOLATFELVETEL: A kapcsolatfelvétel elsőre sikerült,minden rendben ment,tájékoztatott a lehetőségekről,stb.

LAKAS: A lakás egy panel,a célnak megfelelő,bár személy szerint én hiányoltam a normális kihúzható ágyat/francia ágyat (maradt a szőnyeg :D). A szoba nagyon jól berendezett egyébként.

KULSO: Személyesen jobb mint a képeken,hatalmas cici,kerek fenék és szép arc.

HOZZAALLAS: Eléggé laza,egyből beszélgetésbe elegyedik,kedves,szépen beszél veled,gyorsan oldja a stresszt. Több órára akartam menni,de kb 1 óra 20 perc után távoztam (nem a saját akaratomból)

EGYUTTLET: Mivel ez volt az első ilyen kalandom (ezt a tudatára is adtam) azonnal egy lágy masszázsba kezdett,utána én is végigmaszíroztam őt. Jött a francia,amiben nagyon ügyes,érti a dolgát. Az aktus eleinte lovagló pózban történt majd én kerültem felülre és úgy mentem el. Kb ez a két póz a kedvence állítása szerint.

ELEGEDETTSEG_ES_AJANLAS: Összeségében maga amit csinál és ahogy csinálja az nagyon jó és ez tényleg egy pozitív élmény volt a részemről. ami viszont negatív, hogy nem az volt, amit előre megbeszéltünk. Minimum elvárható ilyenkor egy ""összebújás"" ha már az ember barátnő feelinget szeretne..Szóval mint (szex)partnert maximálisan ajánlom,de aki megy hozzá annak üzenem,ha több időre megy,állapodjatok meg előtte :)",2,"SZEP_ARCU, NAGYON_KEDVES, MAXIMALIS_DISZKRECIO, JO_PARKOLAS",27272,2026-02-26 01:22:14
32238,TELEFONBAN_MAST_MONDOTT,145459,2015-03-25 13:54,3,"KORNYEZET: 3, KULSO: 4, HOZZAALLAS: 3, TECHNIKA: 4, OSSZKEP: 3","KAPCSOLATFELVETEL: Elsőre elértem,elmondta a lehetőségeket és nemsokára nála is voltam.

LAKAS: Fő út melletti pár emeletes ház.Célnak megfelel.Fürdőt nem használtam,mert nem kaptam törölközőt.

KULSO: Vékony,csinos lány,helyes pofival,formás popsival.

HOZZAALLAS: Órára mentem,mint általában.Kedves,teszi a dolgát,de semmi xtra.

EGYUTTLET: Lakásba érve beinvitált a baszobába.Levetkőztem,majd az ágyra helyezkedtem,ő mellém ült.Simogattam,majd kértem 1 franciát,amit gumiban csinált,mert gyökérkezelés alatt áll a fogával.Itt meglepődtem 1 pillanatra,de hát ez van.Utána dogi,misszi,így ért a vég,amit a hasára lőttem.Masszázst kértem,majd dogi következett és a végén formás popsijára lőttem 1 forró adagot.

ELEGEDETTSEG_ES_AJANLAS: 2 patront ellőttem,de másra számítottam.",2,"SZEP_ARCU, JO_PARKOLAS",27370,2026-02-26 01:22:14
23783,ORANEZOS_TP,81542,2015-04-02 23:21,3,"KORNYEZET: 4, KULSO: 5, HOZZAALLAS: 4, TECHNIKA: 4, OSSZKEP: 4","KAPCSOLATFELVETEL: Telefonon könnyen elértem, elmondott mindent, délután érkeztem

LAKAS: Fizetős a környéken a parkolás, de bkv-val is jól megközelíthető. Kissé kellemetlen volt, hogy egyszerre érkeztünk a pizzafutárral, mert az egyik barátnő épp akkor várta az ebédjét. Megvártam, míg átveszi a hölgy (egy szál törölközőben - a futár meg teljesen kivolt) majd nyitva hagyta az ajtót. A futár épp ment vissza a lifthez, Jessy kikukucskált, beinvitált, puszival fogadott. Egy másik lány szintén törölközőben épp a fürdőből jött, míg az előző lány épp a konyhában tevékenykedett. Én nem zavartattam magam, mind tudtuk, hogy ki miért van ott, dehát na... :D Mindegy, túléltem. (Bár mikor távoztam, akkor meg a liftszerelő nézett furán, nem tudom, még hány faszi távozott abból a lakásból abban az órában, mikor a liftet szerelték...)

KULSO: Helyes, mosolygós, csinos, nőies idomok.

HOZZAALLAS: Kedves, aranyos, jó fej!

EGYUTTLET: Egy órát voltam, zuhany után megkérdeztem, mit szabad és mit nem. Csók csak visszatérő vendégeknek, popó kizárva és nem szereti az ujjazást. Még a másodikkal nem is volna gond, nem is azért mentem, de az első és a harmadik... Kedves volt, csók gyanánt azért kaptam némi kis puszikákat, de igencsak szerettem volna a harmadikat, de nem szegtem szabályt, az első pedig nagyon hiányzott... Egy-két alap póz után cici közé raktam, majd a szájába mentem el. Azt tudni kell, hogy a franciája tényleg pornós. A második menetben kértem is, hogy gyengédebben -nem tom' miért nekem ez így annyira nem hatásos, túl pornós volt az egész együttlétünk. Amúgy halál jófej, dumás kiscsaj. Aranyos, jót beszélgettünk. Bele kezdtünk a második menetbe, ez szerintem nem csak nekem, de mindenkinek kicsit nehezebben megy, viszont már majdnem ott voltam, mikor olyan szinten begörcsölt a lábam, hogy odaveszett minden :D Ekkor pont pittyegett is az óra. Az óra amúgy nála ilyen tanóra szerű 45 percek, ezt sajnáltam is, mert ilyet eddig nem tapasztaltam. Máskor, ha egy órára megyek valakihez, akkor kb 1 óra, 10 percet vagyok nála, ezt szerintem érdemes lenne újra gondolni.

ELEGEDETTSEG_ES_AJANLAS: Alapvetően elégedett voltam, pedig ugye volt már jobb napom is, diszkrétebb, tabumentesebb, felhőtlenebb szexem is. Ettől függetlenül az összegzés miatt (csinos, jófej) ajánlom :) (Remélem nem haragszik meg a kisasszony, hogy nem csuda jó dolgot írtam, bár azt szerettem volna...)",8,"SZEP_ARCU, NAGYON_KEDVES",27529,2026-02-26 01:22:14
84447,"KEDVETLEN_HOZZAALLAS, ORANEZOS_TP, ROSSZ_FRANCIA, MEGTEVESZTO_KEPEK",0,2015-04-27 15:05,3,"KORNYEZET: 2, KULSO: 2, HOZZAALLAS: 1, TECHNIKA: 2, OSSZKEP: 2","KAPCSOLATFELVETEL: Azzal kezdeném, hogy nem vagyok írogatós fajta, de úgy gondolom ezeket le kell írnom, ezért is regisztráltam be. Telefonon, mintha egy betanult szöveget hallottam volna, de mivel elég jókat írtak róla ezért nem vettem figyelembe a dolgot.

LAKAS: Könnyű parkolási lehetőség. Maga a lakás annyira nem volt rossz,de viszont a szobába szerintem elég kicsi az ágy. A másik meglepetés a fürdő volt. Mint utólag a fotókat megnézve is, látni lehet a kádon körbe valami lerakódás félét.

KULSO: Az bíztos, hogy nem 60+ hanem 70+ a hölgyeket.Lehet nekem rossz a szemem, igaz szemüveget nem kell hordanom,de biztos nem 60-as derék illetve nem 50-es a csípő szélessége.Ezt csak megjegyeztem mellékesen.

HOZZAALLAS: Mosollyal fogadott de nem kitörő örömmel.Bekisért a szobába megbeszéltük a részleteket. Majd bekisért a fürdőbe.Gyorsan lezuhanyoztam és már rohantam is vissza hozzá.Ekkor ismét ért egy meglepi! Szólt hogy gyorsan elmegy zuhanyozni, amivel még nem lenne gondom, de legalább 10 perc volt, ami mint utólag kiderült az én időmből vónodott le!

EGYUTTLET: Visszatérvén a fürdőből lehuppant mellém és csókhoz hasonló dolgot csináltunk, de nem az a szenvedélyes fajtát. Majd lejjebb ment az ezredes felé.Az elején amíg nem voltam teljesen merev, addig nem volt vele baj ahogy csinálta, de utána fogazott, ami nem esett jól. Mivel nem akartam sokáig ezt érezni ezért gumit kértem és kutyusba folytattuk a dolgot.. Tolni lehet rendesen, de szerintem nem élvezte a dolgot, pedig nem vagyok kicsi ott lent. A végén szájba kértem, mert úgy szeretem a dolgot és így beszéltük meg, ami meg is történt, de az utódok zsepibe végezték, ami ismét furcsa volt. Mivel sok csalódás ért ezért, felöltöztem és elnézést kérve távoztam.

ELEGEDETTSEG_ES_AJANLAS: Sajnos nem tudom ajánlani senkinek, lehet hogy én is hibás vagyok, de ennyire nem hogy minden másképp legyen az eredeti megállapodás szerint.",1,,27952,2026-02-26 01:22:14
